{"cameraMode":{"drawMode":0,"name":"Shaded","section":"Shading Mode"},"sceneLighting":true,"audioPlay":false,"sceneViewState":{"m_AlwaysRefresh":false,"showFog":true,"showSkybox":true,"showFlares":true,"showImageEffects":true,"showParticleSystems":true,"showVisualEffectGraphs":true,"m_FxEnabled":true},"in2DMode":false,"pivot":{"x":23.248878479003908,"y":12.60194206237793,"z":45.988739013671878},"rotation":{"x":0.047882162034511569,"y":0.2412056177854538,"z":-0.011721249669790268,"w":0.9694295525550842},"size":44.15742111206055,"orthographic":false}